agency,payee_name,check_amount,issue_date,spending_category,expense_category,contract_id,duplicate_like,missing_contract,round_amount,category_outlier,anomaly_score,rule_count,evidence_score
Debt Service,STATE OF NEW YORK,99000000.0,2024-06-21,Others,INTEREST ON BONDS - GENERAL,,1,0,1,1,0.8215307483739178,3,99.981
Debt Service,STATE OF NEW YORK,99000000.0,2024-06-21,Others,INTEREST ON BONDS - GENERAL,,1,0,1,1,0.8215307483739178,3,99.981
Debt Service,STATE OF NEW YORK,99000000.0,2024-06-21,Others,INTEREST ON BONDS - GENERAL,,1,0,1,1,0.8215307483739178,3,99.981
Miscellaneous,NEW YORK CITY RETIREE HEALTH BENEFITS TRUST,99000000.0,2024-06-25,Others,HEALTH INSURANCE PLAN CITY EMP,,1,0,1,1,0.812624236540901,3,99.9738
Miscellaneous,NEW YORK CITY RETIREE HEALTH BENEFITS TRUST,99000000.0,2024-06-25,Others,SUPPLEMENTAL EMPLOYEE WELF BEN,,1,0,1,1,0.812624236540901,3,99.9738
Miscellaneous,NEW YORK CITY RETIREE HEALTH BENEFITS TRUST,99000000.0,2024-06-25,Others,HEALTH INSURANCE PLAN CITY EMP,,1,0,1,1,0.812624236540901,3,99.9738
Miscellaneous,NEW YORK CITY RETIREE HEALTH BENEFITS TRUST,99000000.0,2024-06-25,Others,HEALTH INSURANCE PLAN CITY EMP,,1,0,1,1,0.812624236540901,3,99.9738
Miscellaneous,NEW YORK CITY RETIREE HEALTH BENEFITS TRUST,99000000.0,2024-06-25,Others,HEALTH INSURANCE PLAN CITY EMP,,1,0,1,1,0.812624236540901,3,99.9738
Pension Contributions,POLICE-PENSION FUNDING,99000000.0,2023-12-20,Contracts,POLICE ACTUARIAL PENSION FUND,PON1056242560005,0,0,1,1,0.7983941426240841,2,88.30173333333333
Debt Service,NEW YORK CITY TRANSITIONAL FINANCE AUTHORITY,99000000.0,2024-06-20,Others,INTEREST ON BONDS - GENERAL,,0,0,1,1,0.7959969373513726,2,88.29993333333333
Miscellaneous,NYC BAIL SETTLEMENT QSF,90000000.0,2023-09-05,Others,JUDGMENTS AND CLAIMS-NOT REPORTABLE,,0,0,1,1,0.7927125281657721,2,88.28873333333334
Administration for Children's Services,Flagstar Bank NA,86000000.0,2024-05-02,Others,DAY CARE OF CHILDREN,,0,0,1,1,0.789144990382841,2,88.28133333333334
Department of Education,NEW YORK CITY RETIREE HEALTH BENEFITS TRUST,99000000.0,2024-06-25,Others,HEALTH INSURANCE PLAN CITY EMP,,0,0,1,1,0.785384871923093,2,88.28013333333332
Pension Contributions,TRS-PENSION FUNDING,99999999.0,2024-05-20,Contracts,TEACH RET SYS CONTINGNT RES SY,PON104120242000137,1,0,0,1,0.7808830484271913,2,88.27963333333334
Pension Contributions,TRS-PENSION FUNDING,99999999.0,2024-05-20,Contracts,TEACH RET SYS CONTINGNT RES SY,PON104120242000137,1,0,0,1,0.7808830484271913,2,88.27963333333334
Housing Preservation and Development,NEW YORK CITY HOUSING DEVELOPMENT CORP,99000000.0,2023-07-17,Capital Contracts,CONSTRUCTION-BUILDINGS,POC80620232017311,0,0,1,1,0.7843098396732852,2,88.27563333333333
Housing Preservation and Development,NEW YORK CITY HOUSING DEVELOPMENT CORP,99000000.0,2023-11-29,Capital Contracts,CONSTRUCTION-BUILDINGS,POC80620242005237,0,0,1,1,0.7843098396732852,2,88.27563333333333
Housing Preservation and Development,1760 THIRD AVENUE HOUSING DEVELOPMENT FUND CORPORATION,70000000.0,2024-06-26,Capital Contracts,CONSTRUCTION-BUILDINGS,POC80620242015736,0,0,1,1,0.7939052878316919,2,88.27373333333333
City University of New York,C M B FOR TRANSFER TO KEY,70000000.0,2023-08-08,Others,ADV TO STNY FR CUNY SR COL EXP,,0,0,1,1,0.7873672467943268,2,88.26293333333334
City University of New York,C M B FOR TRANSFER TO KEY,70000000.0,2023-08-29,Others,ADV TO STNY FR CUNY SR COL EXP,,0,0,1,1,0.7873672467943268,2,88.26293333333334
City University of New York,C M B FOR TRANSFER TO KEY,70000000.0,2023-09-19,Others,ADV TO STNY FR CUNY SR COL EXP,,0,0,1,1,0.7873672467943268,2,88.26293333333334
City University of New York,C M B FOR TRANSFER TO KEY,70000000.0,2024-03-05,Others,ADV TO STNY FR CUNY SR COL EXP,,0,0,1,1,0.7873672467943268,2,88.26293333333334
City University of New York,C M B FOR TRANSFER TO KEY,70000000.0,2024-04-30,Others,ADV TO STNY FR CUNY SR COL EXP,,0,0,1,1,0.7873672467943268,2,88.26293333333334
City University of New York,C M B FOR TRANSFER TO KEY,70000000.0,2024-06-04,Others,ADV TO STNY FR CUNY SR COL EXP,,0,0,1,1,0.7873672467943268,2,88.26293333333334
Administration for Children's Services,Flagstar Bank NA,54000000.0,2023-11-20,Others,DAY CARE OF CHILDREN,,0,0,1,1,0.7873672467943268,2,88.25733333333334
Department of Education,NYC SCHOOL BUS UMBRELLA SERVICES INC,32050000.0,2024-06-14,Contracts,TRANSP OF PUPILS-NYCTA,DO104020244001964,0,0,1,1,0.78323473707475,2,88.22213333333333
Administration for Children's Services,Flagstar Bank NA,28080000.0,2023-09-22,Others,DAY CARE OF CHILDREN,,0,0,1,1,0.7850031501473096,2,88.22033333333334
Department of Education,NYC SCHOOL CONSTRUCTION AUTHORITY,18000000.0,2023-07-05,Capital Contracts,CONSTRUCTION-BUILDINGS,PON1040SCA20-24MC,0,0,1,1,0.7819009281823274,2,88.19393333333332
Housing Preservation and Development,NEW YORK CITY HOUSING DEVELOPMENT CORP,17700000.0,2023-07-05,Capital Contracts,CONSTRUCTION-BUILDINGS,POC80620232016681,0,0,1,1,0.7755152966881178,2,88.17873333333333
Department of Education,NYC SCHOOL SUPPORT SERVICES INC,14500000.0,2024-05-21,Contracts,MAINT & OPER OF INFRASTRUCTURE,CT104020219150300,0,0,1,1,0.7756175335479278,2,88.16543333333334
Department of Youth and Community Development,BlocPower L.L.C.,13500000.0,2023-07-01,Contracts,EDUCATION & REC FOR YOUTH PRGM,CT126020231417807,0,0,1,1,0.7717350183603512,2,88.15233333333333
Housing Preservation and Development,NEW YORK CITY HOUSING DEVELOPMENT CORP,13200000.0,2023-07-03,Capital Contracts,CONSTRUCTION-BUILDINGS,POC80620232016396,0,0,1,1,0.7708652665838318,2,88.14533333333333
Department of Education,NYC SCHOOL CONSTRUCTION AUTHORITY,10000000.0,2023-07-05,Capital Contracts,CONSTRUCTION-BUILDINGS,PON1040SCA20-24MC,0,0,1,1,0.7751703197551421,2,88.11523333333332
Department of Education,NYC SCHOOL CONSTRUCTION AUTHORITY,10000000.0,2023-11-03,Capital Contracts,CONSTRUCTION-BUILDINGS,PON1040SCA20-24MC,0,0,1,1,0.7751703197551421,2,88.11523333333332
Department of Education,NYC SCHOOL SUPPORT SERVICES INC,10000000.0,2024-04-22,Contracts,MAINT & OPER OF INFRASTRUCTURE,CT104020219150300,0,0,1,1,0.771256736922984,2,88.10713333333334
SCHOOL CONSTRUCTION AUTHORITY,ATL VAN CORTLANDT LLC,8280000.0,2024-04-04,Capital Contracts,CONSTRUCTION-BUILDINGS,PON104420232356499,0,0,1,1,0.7773687482485875,2,88.10093333333333
Miscellaneous,EMERY CELLI BRINCKERHOFF ABADY,8250000.0,2023-10-23,Others,JUDGMENTS AND CLAIMS-NONEMP COMP,,0,0,1,1,0.7756175335479278,2,88.09743333333334
Housing Preservation and Development,NEW YORK CITY HOUSING DEVELOPMENT CORP,9900000.0,2023-11-29,Capital Contracts,CONSTRUCTION-BUILDINGS,POC80620242005237,0,0,1,1,0.7666035460450737,2,88.09573333333333
Department of Education,NYC SCHOOL BUS UMBRELLA SERVICES INC,8750000.0,2023-08-11,Contracts,TRANSP OF PUPILS-NYCTA,DO104020244001964,0,0,1,1,0.7715466923882139,2,88.09133333333332
Housing Preservation and Development,NEW YORK CITY HOUSING DEVELOPMENT CORP,9450000.0,2023-07-17,Capital Contracts,CONSTRUCTION-BUILDINGS,POC80620232016831,0,0,1,1,0.7660274587589242,2,88.08833333333332
Department of Information Technology and Telecommunications,CITIZENS COMMITTEE FOR NEW YORK CITY INC,7000000.0,2023-09-25,Contracts,CONTRACTUAL SERVICES GENERAL,CTA185820237208971,0,0,1,1,0.7788311138323116,2,88.07093333333333
Department of Education,NYC SCHOOL CONSTRUCTION AUTHORITY,6000000.0,2023-09-14,Capital Contracts,CONSTRUCTION-BUILDINGS,PON1040SCA20-24MC,0,0,1,1,0.7734240575565026,2,88.02293333333334
Debt Service,NEW YORK CITY TRANSITIONAL FINANCE AUTHORITY,5000000.0,2024-06-20,Others,INTEREST ON BONDS - GENERAL,,0,0,1,1,0.7782389152577145,2,87.99353333333333
Department of Education,NYC SCHOOL CONSTRUCTION AUTHORITY,5500000.0,2024-03-15,Capital Contracts,CONSTRUCTION-BUILDINGS,PON1040SCA20-24MC,0,0,1,1,0.7693647288909787,2,87.98993333333334
Housing Preservation and Development,NEW YORK CITY HOUSING DEVELOPMENT CORP,5850000.0,2024-02-20,Capital Contracts,CONSTRUCTION-BUILDINGS,POC80620242006782,0,0,1,1,0.7628667083792285,2,87.98693333333333
SCHOOL CONSTRUCTION AUTHORITY,AECOM USA INC,5000000.0,2023-11-30,Capital Contracts,CONSTRUCTION-BUILDINGS,PON104420242422695,0,0,1,1,0.7619060719789622,2,87.95033333333333
Miscellaneous,NEW YORK CITY RETIREE HEALTH BENEFITS TRUST,5000000.0,2024-06-25,Others,HEALTH INSURANCE PLAN CITY EMP,,1,0,1,0,0.759123008282479,2,87.94403333333334
Miscellaneous,NEW YORK CITY RETIREE HEALTH BENEFITS TRUST,5000000.0,2024-06-25,Others,HEALTH INSURANCE PLAN CITY EMP,,1,0,1,0,0.759123008282479,2,87.94403333333334
Department of Education,NYC SCHOOL CONSTRUCTION AUTHORITY,3000000.0,2024-03-15,Capital Contracts,CONSTRUCTION-BUILDINGS,PON1040SCA20-24MC,1,0,1,0,0.7676359508428248,2,87.80043333333333
Department of Education,NYC SCHOOL CONSTRUCTION AUTHORITY,3000000.0,2024-03-15,Capital Contracts,CONSTRUCTION-BUILDINGS,PON1040SCA20-24MC,1,0,1,0,0.7676359508428248,2,87.80043333333333
Department of Education,NYC SCHOOL CONSTRUCTION AUTHORITY,2000000.0,2023-07-05,Capital Contracts,CONSTRUCTION-BUILDINGS,PON1040SCA20-24MC,1,0,1,0,0.7651031197141868,2,87.55233333333334
Department of Education,NYC SCHOOL CONSTRUCTION AUTHORITY,2000000.0,2023-07-05,Capital Contracts,CONSTRUCTION-BUILDINGS,PON1040SCA20-24MC,1,0,1,0,0.7651031197141868,2,87.55233333333334
Department of Education,NYC SCHOOL CONSTRUCTION AUTHORITY,2000000.0,2023-07-05,Capital Contracts,CONSTRUCTION-BUILDINGS,PON1040SCA15-19MC,1,0,1,0,0.7651031197141868,2,87.55233333333334
Miscellaneous,N/A (PRIVACY/SECURITY),2000000.0,2024-03-08,Others,JUDGMENTS AND CLAIMS-GROSS PROCEEDS,,0,0,1,1,0.7646343966639525,2,87.54873333333333
Miscellaneous,MARK M BASICHAS & ASSOCIATES,2000000.0,2023-11-01,Others,JUDGMENTS AND CLAIMS-GROSS PROCEEDS,,0,0,1,1,0.7637090393836886,2,87.54603333333334
Miscellaneous,LAW OFFICES OF PATRICK J,2000000.0,2024-01-31,Others,JUDGMENTS AND CLAIMS-GROSS PROCEEDS,,0,0,1,1,0.7637090393836886,2,87.54603333333334
Department of Education,NYC SCHOOL SUPPORT SERVICES INC,1700000.0,2023-10-17,Contracts,MAINT & OPER OF INFRASTRUCTURE,CT104020219150300,0,0,1,1,0.7568179356802691,2,87.41413333333334
Miscellaneous,NEW YORK LIFE INSURANCE CO,1500000.0,2023-07-17,Others,JUDGMENTS AND CLAIMS-NOT REPORTABLE,,0,0,1,1,0.7599863110988554,2,87.31243333333335
Miscellaneous,THOMPSON LAW PC,1500000.0,2024-03-04,Others,JUDGMENTS AND CLAIMS-GROSS PROCEEDS,,0,0,1,1,0.7599863110988554,2,87.31243333333335
Miscellaneous,FRIEDMAN JAMES & BUCHSBAUM LLP,1500000.0,2023-10-10,Others,JUDGMENTS AND CLAIMS-GROSS PROCEEDS,,0,0,1,1,0.754063699972133,2,87.29983333333334
Miscellaneous,FRIEDMAN JAMES & BUCHSBAUM LLP,1500000.0,2024-04-25,Others,JUDGMENTS AND CLAIMS-GROSS PROCEEDS,,0,0,1,1,0.754063699972133,2,87.29983333333334
Fire Department,BROOKLYN NY I SGF LLC,1331161.0,2024-06-11,Contracts,RENTALS - LAND BLDGS & STRUCTS,CT105720221415289,1,0,0,1,0.7374994875217318,2,87.12713333333333
Fire Department,BROOKLYN NY I SGF LLC,1331161.0,2024-06-11,Contracts,RENTALS - LAND BLDGS & STRUCTS,CT105720221415289,1,0,0,1,0.7374994875217318,2,87.12713333333333
Fire Department,BROOKLYN NY I SGF LLC,1331161.0,2024-06-11,Contracts,RENTALS - LAND BLDGS & STRUCTS,CT105720221415289,1,0,0,1,0.7374994875217318,2,87.12713333333333
Department of Education,NYC SCHOOL SUPPORT SERVICES INC,1200000.0,2023-10-17,Contracts,MAINT & OPER OF INFRASTRUCTURE,CT104020219150300,0,0,1,1,0.7519386814891387,2,87.06773333333334
Housing Preservation and Development,BED STUY FANTASTIC FOUR LLC,1000000.0,2024-01-16,Capital Contracts,CONSTRUCTION-BUILDINGS,POC80620232017374,1,0,1,0,0.7575690934347432,2,86.85403333333333
Housing Preservation and Development,BED STUY FANTASTIC FOUR LLC,1000000.0,2024-01-16,Capital Contracts,CONSTRUCTION-BUILDINGS,POC80620232017374,1,0,1,0,0.7575690934347432,2,86.85403333333333
Department of Education,NYC SCHOOL CONSTRUCTION AUTHORITY,1000000.0,2023-11-03,Capital Contracts,CONSTRUCTION-BUILDINGS,PON1040SCA20-24MC,1,0,1,0,0.7533060128208475,2,86.84503333333333
Department of Education,NYC SCHOOL CONSTRUCTION AUTHORITY,1000000.0,2023-11-03,Capital Contracts,CONSTRUCTION-BUILDINGS,PON1040SCA20-24MC,1,0,1,0,0.7533060128208475,2,86.84503333333333
Department of Transportation,MTA BRIDGES AND TUNNELS,1000000.0,2023-08-10,Contracts,NON OVERNIGHT TRVL EXP-GENERAL,PON184120240000121,0,0,1,1,0.7503314000967054,2,86.83873333333334
Miscellaneous,NYSDEC,550000.0,2023-08-21,Others,JUDGMENTS AND CLAIMS-NOT REPORTABLE,,0,0,1,1,0.7523624433702853,2,85.73313333333333
Miscellaneous,PACIFIC LIFE & ANNUITY,500000.0,2024-04-12,Others,JUDGMENTS AND CLAIMS-NOT REPORTABLE,,0,0,1,1,0.7455350566360929,2,85.44313333333334
Department of Education,RESEARCH FOUNDATION OF THE CITY UNIVERSITY OF NEW YORK,300000.0,2024-06-28,Contracts,PROF SERV DIRECT EDUC SERV,CT104020249456880,0,0,1,1,0.7430002000310137,2,83.77093333333333
Mayoralty,SANCTUARY FOR FAMILIES INC,300000.0,2023-09-05,Contracts,PAYMENTS TO DELEGATE AGENCIES,CT100220238808442,1,0,1,0,0.7378622050433071,2,83.75563333333332
Mayoralty,SANCTUARY FOR FAMILIES INC,300000.0,2023-09-05,Contracts,PAYMENTS TO DELEGATE AGENCIES,CT100220238808442,1,0,1,0,0.7378622050433071,2,83.75563333333332
Department of Citywide Administrative Services,MTA BRIDGES AND TUNNELS,250000.0,2024-06-28,Contracts,NON OVERNIGHT TRVL EXP-GENERAL,PON185620242008296,0,0,1,1,0.7348483996765578,2,83.01873333333333
City University of New York,EAB GLOBAL INC,157312.0,2023-11-08,Contracts,OFF SVC-MEMBERSHIP DUES & FEES,PON1042C0000030105,1,0,0,1,0.7212717702865203,2,80.60023333333334
City University of New York,EAB GLOBAL INC,157312.0,2023-11-08,Contracts,OFF SVC-MEMBERSHIP DUES & FEES,PON1042C0000030105,1,0,0,1,0.7212717702865203,2,80.60023333333334
Department of Information Technology and Telecommunications,KYNDRYL INC,120000.0,2024-01-09,Contracts,PROF SERV COMPUTER SERVICES,CT185820228808430,1,0,1,0,0.7453957218520078,2,78.93243333333334
Department of Information Technology and Telecommunications,KYNDRYL INC,120000.0,2024-01-09,Contracts,PROF SERV COMPUTER SERVICES,CT185820228808430,1,0,1,0,0.7453957218520078,2,78.93243333333334
Department of Sanitation,WASTE MANAGEMENT OF NEW YORK LLC,100000.0,2024-01-08,Contracts,MUNICIPAL WASTE EXPORT,CT182720171418031,1,0,1,0,0.7461609106785028,2,77.65133333333333
Department of Sanitation,WASTE MANAGEMENT OF NEW YORK LLC,100000.0,2024-01-08,Contracts,MUNICIPAL WASTE EXPORT,CT182720171418031,1,0,1,0,0.7461609106785028,2,77.65133333333333
Department of Sanitation,WASTE MANAGEMENT OF NEW YORK LLC,100000.0,2024-02-20,Contracts,MUNICIPAL WASTE EXPORT,CT182720080030327,1,0,1,0,0.7461609106785028,2,77.65133333333333
Department of Sanitation,WASTE MANAGEMENT OF NEW YORK LLC,100000.0,2024-02-20,Contracts,MUNICIPAL WASTE EXPORT,CT182720080004813,1,0,1,0,0.7461609106785028,2,77.65133333333333
Department of Sanitation,WASTE MANAGEMENT OF NEW YORK LLC,100000.0,2024-02-20,Contracts,MUNICIPAL WASTE EXPORT,CT182720080030327,1,0,1,0,0.7461609106785028,2,77.65133333333333
Department of Sanitation,WASTE MANAGEMENT OF NEW YORK LLC,100000.0,2024-02-20,Contracts,MUNICIPAL WASTE EXPORT,CT182720080004813,1,0,1,0,0.7461609106785028,2,77.65133333333333
Department of Sanitation,WASTE MANAGEMENT OF NEW YORK LLC,100000.0,2024-02-20,Contracts,MUNICIPAL WASTE EXPORT,CT182720141412001,1,0,1,0,0.7461609106785028,2,77.65133333333333
Department of Sanitation,WASTE MANAGEMENT OF NEW YORK LLC,100000.0,2024-02-20,Contracts,MUNICIPAL WASTE EXPORT,CT182720080030327,1,0,1,0,0.7461609106785028,2,77.65133333333333
Department of Sanitation,WASTE MANAGEMENT OF NEW YORK LLC,100000.0,2024-02-20,Contracts,MUNICIPAL WASTE EXPORT,CT182720141412001,1,0,1,0,0.7461609106785028,2,77.65133333333333
Pension Contributions,NYCERS-PENSION FUNDING,99999999.0,2024-02-20,Contracts,CONTINGENT RESERVE FUND,PON10092024PENSION,0,0,0,1,0.7413390145419503,1,76.51396666666666
Pension Contributions,NYCERS-PENSION FUNDING,99999999.0,2024-03-20,Contracts,CONTINGENT RESERVE FUND,PON10092024PENSION,0,0,0,1,0.7413390145419503,1,76.51396666666666
Pension Contributions,FIRE-PENSION FUNDING,99999999.0,2024-01-18,Contracts,FIRE ACTUARIAL PENSION FUND,PON1057FY2024-FPF2,0,0,0,1,0.7410670032521677,1,76.50676666666666
Pension Contributions,FIRE-PENSION FUNDING,99999999.0,2024-05-17,Contracts,FIRE ACTUARIAL PENSION FUND,PON1057FY2024-FPF2,0,0,0,1,0.7410670032521677,1,76.50676666666666
Housing Preservation and Development,NEW YORK CITY HOUSING AUTHORITY,99000000.0,2024-02-26,Contracts,PAY TO NYC HOUSING AUTHORITY,PON180620242005386,0,0,1,0,0.7381042298498528,1,76.49286666666666
Pension Contributions,TRS-PENSION FUNDING,99999999.0,2023-10-18,Contracts,TEACH RET SYS CONTINGNT RES SY,PON104120242000137,0,0,0,1,0.7366347181940168,1,76.49146666666667
Department of Education,GE INSTR & SCH LEADERSHIP - PS,144085954.76,2023-12-29,Payroll,Payroll Summary,,0,0,0,1,0.7325879918175328,1,76.48756666666667
Department of Education,GE INSTR & SCH LEADERSHIP - PS,141772087.47,2024-05-15,Payroll,Payroll Summary,,0,0,0,1,0.7325879918175328,1,76.48676666666667
Department of Education,GE INSTR & SCH LEADERSHIP - PS,139030567.75,2024-05-31,Payroll,Payroll Summary,,0,0,0,1,0.7325879918175328,1,76.48596666666667
Department of Education,GE INSTR & SCH LEADERSHIP - PS,125569028.54,2023-08-31,Payroll,Payroll Summary,,0,0,0,1,0.7323126774469509,1,76.47346666666667
Department of Education,GE INSTR & SCH LEADERSHIP - PS,76890188.91,2023-07-14,Payroll,Payroll Summary,,0,0,0,1,0.7325879918175328,1,76.44996666666667
Pension Contributions,TRS-PENSION FUNDING,42844145.0,2023-12-21,Contracts,TEACH RET SYS CONTINGNT RES SY,PON104120242000137,0,0,0,1,0.7355280015694461,1,76.44026666666667
Department of Information Technology and Telecommunications,CDW GOVERNMENT LLC,70093818.73,2024-02-20,Capital Contracts,CAPITAL ONLY FUNDED SBITA,DO185820242006362,0,0,0,1,0.7283202034289936,1,76.42846666666667
Department of Education,GE INSTR & SCH LEADERSHIP - PS,56771386.8,2023-09-25,Payroll,Payroll Summary,,0,0,0,1,0.7306629626505768,1,76.42586666666666
Department of Education,NYC SCHOOL CONSTRUCTION AUTHORITY,99999000.0,2023-07-05,Capital Contracts,CONSTRUCTION-BUILDINGS,PON1040SCA20-24MC,0,0,0,1,0.7171273290404864,1,76.42406666666666
Department of Education,NYC SCHOOL CONSTRUCTION AUTHORITY,99999000.0,2023-09-14,Capital Contracts,CONSTRUCTION-BUILDINGS,PON1040SCA20-24MC,0,0,0,1,0.7171273290404864,1,76.42406666666666
Department of Education,NYC SCHOOL CONSTRUCTION AUTHORITY,99999000.0,2024-03-15,Capital Contracts,CONSTRUCTION-BUILDINGS,PON1040SCA20-24MC,0,0,0,1,0.7171273290404864,1,76.42406666666666
Health and Hospitals Corporation,NEW YORK CITY HEALTH AND HOSP,25000000.0,2024-05-30,Others,PAYMENTS TO HHC,,0,0,1,0,0.7373580353519249,1,76.41846666666666
Department of Education,FRINGE BENEFITS - PS,82961031.24,2024-05-31,Payroll,Payroll Summary,,0,0,0,1,0.7183418583992189,1,76.41616666666667
Department of Education,FRINGE BENEFITS - PS,82207434.16,2023-12-29,Payroll,Payroll Summary,,0,0,0,1,0.7183418583992189,1,76.41456666666666
Department of Education,FRINGE BENEFITS - PS,81271339.21,2023-10-31,Payroll,Payroll Summary,,0,0,0,1,0.7183418583992189,1,76.41376666666666
Pension Contributions,FIRE-PENSION FUNDING,22744607.0,2024-04-17,Contracts,FIRE ACTUARIAL PENSION FUND,PON1057FY2024-FPF2,0,0,0,1,0.7363466959415813,1,76.41326666666666
Department of Education,FRINGE BENEFITS - PS,81165948.44,2023-10-16,Payroll,Payroll Summary,,0,0,0,1,0.7183418583992189,1,76.41296666666666
Miscellaneous,MTA BUS COMPANY,43000000.0,2023-07-26,Contracts,PAY TO METRO TRANSPORT AUTHOR,CT100220060028251,0,0,1,0,0.7245918648661592,1,76.41206666666666
City University Construction Fund,DEPARTMENT OF FINANCE,38585420.5,2024-06-28,Trust & Agency,OTHER EXPENDITURES-REPORTABLE,,0,0,0,1,0.7294055070130491,1,76.41116666666667
City University Construction Fund,DEPARTMENT OF FINANCE,37686177.9,2024-06-28,Trust & Agency,OTHER EXPENDITURES-REPORTABLE,,0,0,0,1,0.7294055070130491,1,76.41036666666666
Pension Contributions,NEW YORK CITY BOARD OF EDUCATION RETIREMENT SYSTEM,18206876.0,2023-07-17,Contracts,BOARD OF EDUCATION RETIRE. SYS,PON1040FY2024-BERS,0,0,0,1,0.7324819684077071,1,76.38796666666667
Pension Contributions,NEW YORK CITY BOARD OF EDUCATION RETIREMENT SYSTEM,18206876.0,2023-11-17,Contracts,BOARD OF EDUCATION RETIRE. SYS,PON1040FY2024-BERS,0,0,0,1,0.7324819684077071,1,76.38796666666667
Pension Contributions,NEW YORK CITY BOARD OF EDUCATION RETIREMENT SYSTEM,18206876.0,2023-12-21,Contracts,BOARD OF EDUCATION RETIRE. SYS,PON1040FY2024-BERS,0,0,0,1,0.7324819684077071,1,76.38796666666667
Pension Contributions,NEW YORK CITY BOARD OF EDUCATION RETIREMENT SYSTEM,18206876.0,2024-03-18,Contracts,BOARD OF EDUCATION RETIRE. SYS,PON1040FY2024-BERS,0,0,0,1,0.7324819684077071,1,76.38796666666667
Housing Preservation and Development,JOE BK 2 CLUSTER LLC,26956668.0,2023-07-11,Capital Contracts,CONSTRUCTION-BUILDINGS,POC80620232017050,0,0,0,1,0.7188147617948901,1,76.37606666666667
Department of Education,SE INSTR & SCH LEADERSHIP - PS,44396949.67,2024-02-29,Payroll,Payroll Summary,,0,0,0,1,0.7151871794599094,1,76.36676666666666
Department of Education,SE INSTR & SCH LEADERSHIP - PS,44374549.01,2024-04-15,Payroll,Payroll Summary,,0,0,0,1,0.7151871794599094,1,76.36596666666667
Miscellaneous,FRINGE BENEFITS,36194915.5,2024-06-21,Payroll,Payroll Summary,,0,0,0,1,0.7159546783140404,1,76.36026666666666
Fire Department,FIRE EXTING AND EMERG RESP,22077543.66,2024-01-19,Payroll,Payroll Summary,,0,0,0,1,0.7182661438119529,1,76.35966666666667
Miscellaneous,FRINGE BENEFITS,36185848.88,2024-01-05,Payroll,Payroll Summary,,0,0,0,1,0.7159546783140404,1,76.35946666666666
Department of Education,SE INSTR & SCH LEADERSHIP - PS,42963968.92,2023-12-29,Payroll,Payroll Summary,,0,0,0,1,0.7149184044999586,1,76.35906666666666
Department of Education,SE INSTR & SCH LEADERSHIP - PS,42792172.94,2023-12-15,Payroll,Payroll Summary,,0,0,0,1,0.7149184044999586,1,76.35666666666667
Miscellaneous,FRINGE BENEFITS,33623479.84,2023-07-21,Payroll,Payroll Summary,,0,0,0,1,0.7159546783140404,1,76.35626666666667
Department of Education,SE INSTR & SCH LEADERSHIP - PS,41640845.99,2023-07-14,Payroll,Payroll Summary,,0,0,0,1,0.7149184044999586,1,76.35586666666666
Department of Education,NYC SCHOOL SUPPORT SERVICES INC,68770788.0,2024-01-16,Contracts,MAINT & OPER OF INFRASTRUCTURE,CT104020219150300,0,0,0,1,0.712713493161908,1,76.35006666666666
Miscellaneous,FRINGE BENEFITS,31620415.09,2023-07-07,Payroll,Payroll Summary,,0,0,0,1,0.7154166526425393,1,76.34866666666667
Department of Education,GE INSTR & SCH LEADERSHIP - PS,16745074.99,2024-05-15,Payroll,Payroll Summary,,0,0,0,1,0.7165043138703939,1,76.33316666666667
Department of Education,GE INSTR & SCH LEADERSHIP - PS,16733061.63,2024-02-29,Payroll,Payroll Summary,,0,0,0,1,0.7165043138703939,1,76.33236666666667
Department of Education,FRINGE BENEFITS - PS,32471819.04,2024-04-15,Payroll,Payroll Summary,,0,0,0,1,0.7129618808327586,1,76.33026666666666
Department of Education,GE INSTR & SCH LEADERSHIP - PS,16171871.43,2023-10-16,Payroll,Payroll Summary,,0,0,0,1,0.716235043917302,1,76.32556666666667
Department of Education,GE INSTR & SCH LEADERSHIP - PS,16113714.01,2024-01-16,Payroll,Payroll Summary,,0,0,0,1,0.716235043917302,1,76.32476666666668
Department of Education,SE INSTR & SCH LEADERSHIP - PS,31843951.2,2023-09-25,Payroll,Payroll Summary,,0,0,0,1,0.712448429675104,1,76.32426666666666
Department of Education,CW SE INSTR & SCHL LEADERSHIP - PS,23745133.65,2024-04-15,Payroll,Payroll Summary,,0,0,0,1,0.713455694484806,1,76.32406666666667
Transit Authority,METROPOLITAN TRANSPORTATION AUTHORITY,12202899.62,2024-02-12,Capital Contracts,IOTB CONSTRUCTION,CT199820221403406,0,0,0,1,0.7175583222191106,1,76.31826666666666
Department of Education,FRINGE BENEFITS - PS,30986589.88,2023-11-15,Payroll,Payroll Summary,,0,0,0,1,0.7113003069651029,1,76.31636666666667
Department of Education,FRINGE BENEFITS - PS,30364873.58,2023-12-15,Payroll,Payroll Summary,,0,0,0,1,0.7113003069651029,1,76.31476666666666
SCHOOL CONSTRUCTION AUTHORITY,DELL MARKETING LP,67123437.5,2024-03-29,Capital Contracts,CONSTRUCTION-BUILDINGS,PON10442433634,0,0,0,1,0.7048939292978617,1,76.31326666666666
Administration for Children's Services,Flagstar Bank NA,27539876.0,2023-08-25,Others,DAY CARE OF CHILDREN,,0,0,0,1,0.7119458832152096,1,76.31286666666666
Board of Elections,PERSONAL SERVICES,11455306.59,2024-04-26,Payroll,Payroll Summary,,0,0,0,1,0.7182557078278101,1,76.30746666666667
Department of Education,FRINGE BENEFITS - PS,27625465.4,2023-07-31,Payroll,Payroll Summary,,0,0,0,1,0.7102316526438532,1,76.30376666666666
Department of Education,NYC SCHOOL CONSTRUCTION AUTHORITY,29791325.0,2024-06-26,Capital Contracts,CONSTRUCTION-BUILDINGS,PON1040SCA20-24MC,0,0,0,1,0.7090308355349082,1,76.30226666666667
Department of Education,FRINGE BENEFITS - PS,27454468.56,2023-08-31,Payroll,Payroll Summary,,0,0,0,1,0.7102316526438532,1,76.30216666666666
Housing Preservation and Development,NEW YORK CITY HOUSING DEVELOPMENT CORP,27773021.0,2023-07-10,Capital Contracts,CONSTRUCTION-BUILDINGS,POC80620232016834,0,0,0,1,0.7074778485312564,1,76.29106666666667
Department of Education,GE INSTR & SCH LEADERSHIP - PS,11857894.58,2023-07-13,Payroll,Payroll Summary,,0,0,0,1,0.7132797449118582,1,76.27486666666667
Department of Education,GE INSTR & SCH LEADERSHIP - PS,11776121.6,2023-07-14,Payroll,Payroll Summary,,0,0,0,1,0.7132797449118582,1,76.27326666666667
Police Department,OPERATIONS,22221158.96,2023-08-18,Payroll,Payroll Summary,,0,0,0,1,0.7048227233849322,1,76.27306666666667
Housing Preservation and Development,864 BPS APARTMENTS,14903908.0,2024-03-04,Capital Contracts,CONSTRUCTION-BUILDINGS,POC80620242006933,0,0,0,1,0.70973234394726,1,76.27306666666667
Department of Education,GE INSTR & SCH LEADERSHIP - OTPS,18731210.0,2023-11-30,Payroll,Payroll Summary,,0,0,0,1,0.7049667867844386,1,76.27206666666666
Department of Youth and Community Development,DEPT OF YOUTH & COMM DVLPMNT,21521668.0,2023-08-04,Others,SUMMER YOUTH EMPLOYMENT WAGES,,0,0,0,1,0.7037295847783258,1,76.26526666666666
Administration for Children's Services,NYC FINANCE-POOL ACCOUNT RE: ACS FOSTER HOME ACCT,19947851.85,2024-05-08,Others,SUBSIDIZED ADOPTION,,0,0,0,1,0.7036612472430028,1,76.26266666666666
Department of Education,GE INSTR & SCH LEADERSHIP - PS,10526876.4,2023-09-25,Payroll,Payroll Summary,,0,0,0,1,0.7132797449118582,1,76.25246666666666
Department of Health and Mental Hygiene,NEW YORK CITY ECONOMIC DEVELOPMENT CORPORATION,15434334.98,2024-06-18,Capital Contracts,CONSTRUCTION-BUILDINGS,CTA180120227205536,0,0,0,1,0.7046817372296045,1,76.25206666666666
Department of Education,SE INSTR & SCH LEADERSHIP - PS,14937437.33,2024-05-15,Payroll,Payroll Summary,,0,0,0,1,0.7031369530239975,1,76.23696666666666
Department of Small Business Services,NEW YORK CITY ECONOMIC DEVELOPMENT CORPORATION,10122232.44,2023-07-24,Contracts,CONTRACTUAL SERVICES GENERAL,CTA180120237205057,0,0,0,1,0.7118364393954211,1,76.23586666666667
Department of Education,SE INSTR & SCH LEADERSHIP - PS,14771422.37,2024-06-28,Payroll,Payroll Summary,,0,0,0,1,0.7031369530239975,1,76.23536666666666
Department of Education,FRINGE BENEFITS - PS,16364670.89,2023-09-15,Payroll,Payroll Summary,,0,0,0,1,0.7027958927255624,1,76.23276666666666
Housing Preservation and Development,NEW YORK CITY HOUSING DEVELOPMENT CORP,19246337.0,2023-07-10,Capital Contracts,CONSTRUCTION-BUILDINGS,POC80620232016936,0,0,0,1,0.7016811530486734,1,76.23046666666667
Department of Education,FRINGE BENEFITS - PS,16005778.68,2023-10-31,Payroll,Payroll Summary,,0,0,0,1,0.7027958927255624,1,76.23036666666667
Department of Education,UNIVERSAL PRE-K - PS,12061896.43,2024-05-31,Payroll,Payroll Summary,,0,0,0,1,0.7034150517949007,1,76.22226666666667
Department of Education,SE INSTR & SCH LEADERSHIP - PS,14304739.57,2023-12-29,Payroll,Payroll Summary,,0,0,0,1,0.7023445118369585,1,76.21626666666666
Department of Education,UNIVERSAL PRE-K - PS,11759433.12,2023-10-16,Payroll,Payroll Summary,,0,0,0,1,0.7034150517949007,1,76.21586666666667
Department of Education,UNIVERSAL PRE-K - PS,11747977.38,2024-01-16,Payroll,Payroll Summary,,0,0,0,1,0.7034150517949007,1,76.21506666666667
Transit Authority,METROPOLITAN TRANSPORTATION AUTHORITY,8834941.1,2024-02-12,Capital Contracts,IOTB CONSTRUCTION,CT199820231415707,0,0,0,1,0.7112960365238571,1,76.21206666666667
Miscellaneous,FRINGE BENEFITS,14664985.52,2024-03-01,Payroll,Payroll Summary,,0,0,0,1,0.7016421263244865,1,76.20856666666667
Miscellaneous,FRINGE BENEFITS,14597975.03,2024-03-15,Payroll,Payroll Summary,,0,0,0,1,0.7016421263244865,1,76.20776666666667
Miscellaneous,FRINGE BENEFITS,14511778.06,2023-08-18,Payroll,Payroll Summary,,0,0,0,1,0.7013784417397809,1,76.20336666666667
Department of Education,NYC SCHOOL CONSTRUCTION AUTHORITY,14707141.0,2023-07-05,Capital Contracts,CONSTRUCTION-BUILDINGS,PON1040SCA20-24MC,0,0,0,1,0.7008169299067379,1,76.20306666666667
Miscellaneous,FRINGE BENEFITS,14507711.78,2023-10-13,Payroll,Payroll Summary,,0,0,0,1,0.7013784417397809,1,76.20256666666667
Department of Information Technology and Telecommunications,DELL MARKETING LP,16398439.47,2024-01-16,Contracts,DATA PROCESSING EQUIPMENT MAINTENANCE,DO185820249910316,0,0,0,1,0.6999360817400992,1,76.20026666666666
Fire Department,FIRE EXTING AND EMERG RESP,11408931.24,2024-06-07,Payroll,Payroll Summary,,0,0,0,1,0.7028498364048581,1,76.19886666666666
Fire Department,FIRE EXTING AND EMERG RESP,11405867.41,2024-03-29,Payroll,Payroll Summary,,0,0,0,1,0.7028498364048581,1,76.19806666666666
Police Department,OPERATIONS,16583818.51,2023-07-07,Payroll,Payroll Summary,,0,0,0,1,0.6992811004709972,1,76.19746666666666
Fire Department,FIRE EXTING AND EMERG RESP,11312648.09,2024-03-01,Payroll,Payroll Summary,,0,0,0,1,0.7028498364048581,1,76.19646666666667
Department of Education,GE INSTR & SCH LEADERSHIP - PS,8436050.92,2023-11-01,Payroll,Payroll Summary,,0,0,0,1,0.707937679735832,1,76.19366666666666
Department of Health and Mental Hygiene,NEW YORK CITY ECONOMIC DEVELOPMENT CORPORATION,13224621.87,2024-03-19,Capital Contracts,CONSTRUCTION-BUILDINGS,CTA180120227205536,0,0,0,1,0.7007197667886917,1,76.19146666666666
Department of Information Technology and Telecommunications,"INNOVATIVE BUSINESS CONCEPTS,INC",12929625.76,2023-11-08,Contracts,CONTRACTUAL SERVICES GENERAL,CT185820238808095,0,0,0,1,0.7007927166492999,1,76.19086666666666
Fire Department,FIRE EXTING AND EMERG RESP,10621896.88,2023-11-09,Payroll,Payroll Summary,,0,0,0,1,0.7020577188006341,1,76.17676666666665
Fire Department,FIRE EXTING AND EMERG RESP,10501959.05,2023-11-24,Payroll,Payroll Summary,,0,0,0,1,0.7020577188006341,1,76.17516666666666
Department of Education,SE INSTR & SCH LEADERSHIP - PS,12703944.6,2024-06-28,Payroll,Payroll Summary,,0,0,0,1,0.6991836679073055,1,76.17206666666667
Housing Preservation and Development,NEW YORK CITY HOUSING DEVELOPMENT CORP,16994323.0,2024-01-03,Capital Contracts,CONSTRUCTION-BUILDINGS,POC80620242006572,0,0,0,1,0.6977418039656317,1,76.17106666666666
Department of Education,SE INSTR & SCH LEADERSHIP - PS,12265523.16,2024-02-29,Payroll,Payroll Summary,,0,0,0,1,0.6991836679073055,1,76.17046666666666
Miscellaneous,FRINGE BENEFITS,13520729.87,2023-07-21,Payroll,Payroll Summary,,0,0,0,1,0.698747040003712,1,76.16606666666667
Department of Education,SE INSTR & SCH LEADERSHIP - PS,11483537.97,2023-11-15,Payroll,Payroll Summary,,0,0,0,1,0.6994465273625344,1,76.16326666666666
Department of Education,GE INSTR & SCH LEADERSHIP - PS,7274782.12,2024-05-16,Payroll,Payroll Summary,,0,0,0,1,0.7068740774103205,1,76.16206666666666
Department of Education,SE INSTR & SCH LEADERSHIP - PS,11649896.01,2023-12-29,Payroll,Payroll Summary,,0,0,0,1,0.6991836679073055,1,76.15846666666665
Department of Health and Mental Hygiene,NEW YORK CITY ECONOMIC DEVELOPMENT CORPORATION,11468244.74,2024-02-14,Capital Contracts,CONSTRUCTION-BUILDINGS,CTA180120227205536,0,0,0,1,0.6991412228101644,1,76.14806666666667
Police Department,PATROL - PS,13106232.0,2023-12-22,Payroll,Payroll Summary,,0,0,0,1,0.6968880497578845,1,76.14306666666667
Department of Health and Mental Hygiene,NEW YORK CITY ECONOMIC DEVELOPMENT CORPORATION,10245296.19,2023-11-14,Capital Contracts,CONSTRUCTION-BUILDINGS,CTA180120227205536,0,0,0,1,0.6983532848442691,1,76.12586666666667
Department of Health and Mental Hygiene,N/A (PRIVACY/SECURITY),11375525.0,2024-01-18,Others,AIDS SERVICES,,0,0,0,1,0.6972352940728369,1,76.12166666666667
Fire Department,FIRE EXTING AND EMERG RESP,9167785.03,2024-02-02,Payroll,Payroll Summary,,0,0,0,1,0.699083066640596,1,76.11346666666667
Department of Education,SE INSTR & SCH LEADERSHIP - PS,10215978.75,2024-03-15,Payroll,Payroll Summary,,0,0,0,1,0.6968223737004634,1,76.10166666666666
Department of Information Technology and Telecommunications,CDW GOVERNMENT LLC,8456554.1,2023-11-27,Capital Contracts,CAPITAL PURCHASED EQUIPMENT,DO185820248000196,0,0,0,1,0.6982442923192179,1,76.09906666666667
Board of Elections,PERSONAL SERVICES,5437794.87,2023-07-07,Payroll,Payroll Summary,,0,0,0,1,0.7050226810124506,1,76.09226666666666
Department of Education,SE INSTR & SCH LEADERSHIP - PS,9995563.53,2023-10-16,Payroll,Payroll Summary,,0,0,0,1,0.6965605004301321,1,76.08786666666667
Housing Preservation and Development,DEKALB COMMONS NY LLC,4350000.0,2023-07-05,Capital Contracts,CONSTRUCTION-BUILDINGS,POC80620232016982,0,0,1,0,0.7131152923823855,1,76.07286666666667
District Attorney -Kings County,PERSONAL SERVICES,3598211.39,2023-10-27,Payroll,Payroll Summary,,0,0,0,1,0.7184157477116039,1,76.07026666666667
Fire Department,FIRE EXTING AND EMERG RESP,8245883.92,2024-06-07,Payroll,Payroll Summary,,0,0,0,1,0.6959369005778262,1,76.05376666666666
Fire Department,FIRE EXTING AND EMERG RESP,8182486.57,2024-03-15,Payroll,Payroll Summary,,0,0,0,1,0.6959369005778262,1,76.05296666666666
Fire Department,FIRE EXTING AND EMERG RESP,8157933.27,2024-03-01,Payroll,Payroll Summary,,0,0,0,1,0.6959369005778262,1,76.05216666666666
Miscellaneous,FRINGE BENEFITS,10278474.26,2023-12-22,Payroll,Payroll Summary,,0,0,0,1,0.6950796548716821,1,76.05106666666667
Fire Department,FIRE EXTING AND EMERG RESP,8094961.27,2023-09-29,Payroll,Payroll Summary,,0,0,0,1,0.6959369005778262,1,76.05056666666667
Department of Education,CW SE INSTR & SCHL LEADERSHIP - PS,7625637.51,2023-11-30,Payroll,Payroll Summary,,0,0,0,1,0.6964973139030773,1,76.04926666666667
Department of Education,CW SE INSTR & SCHL LEADERSHIP - PS,7532476.86,2023-10-16,Payroll,Payroll Summary,,0,0,0,1,0.6962355627936804,1,76.04576666666667
Financial Information Services Agency,CGI TECHNOLOGIES AND SOLUTIONS INC,3320000.0,2024-02-14,Contracts,DATA PROCESSING EQUIPMENT MAINTENANCE,CT112720080040906,0,0,1,0,0.7228361064364821,1,76.04386666666667
Police Department,OPERATIONS,11774231.09,2024-06-21,Payroll,Payroll Summary,,0,0,0,1,0.6932076430310806,1,76.03936666666667
Queens Borough Public Library,QUEENS BOROUGH PUBLIC LIBRARY,3200000.0,2023-07-05,Contracts,PAYMENTS TO LIBRARIES,PON1039OPER072023A,0,0,1,0,0.7277752735774907,1,76.03386666666667
Department of Education,FRINGE BENEFITS - PS,9632254.28,2024-03-15,Payroll,Payroll Summary,,0,0,0,1,0.6949153736045112,1,76.03076666666666
Department of Education,FRINGE BENEFITS - PS,9584696.64,2024-02-16,Payroll,Payroll Summary,,0,0,0,1,0.6949153736045112,1,76.02996666666667
Department of Education,SE INSTR & SCH LEADERSHIP - PS,8934711.78,2024-05-31,Payroll,Payroll Summary,,0,0,0,1,0.6949913262241966,1,76.02926666666667
Department of Education,FRINGE BENEFITS - PS,9568102.34,2024-02-02,Payroll,Payroll Summary,,0,0,0,1,0.6949153736045112,1,76.02916666666667
Police Department,OPERATIONS,11309169.86,2024-02-02,Payroll,Payroll Summary,,0,0,0,1,0.6932076430310806,1,76.02736666666667
Department of Education,FRINGE BENEFITS - PS,9433597.39,2023-11-24,Payroll,Payroll Summary,,0,0,0,1,0.6949153736045112,1,76.02676666666667
Fire Department,FIRE EXTING AND EMERG RESP,7366584.53,2024-05-10,Payroll,Payroll Summary,,0,0,0,1,0.6956753600777261,1,76.02296666666666
Fire Department,FIRE EXTING AND EMERG RESP,7335624.96,2023-09-15,Payroll,Payroll Summary,,0,0,0,1,0.6956753600777261,1,76.02216666666666
Fire Department,FIRE EXTING AND EMERG RESP,7289532.97,2023-07-21,Payroll,Payroll Summary,,0,0,0,1,0.6956753600777261,1,76.01976666666667
Police Department,OPERATIONS,10938688.23,2023-07-21,Payroll,Payroll Summary,,0,0,0,1,0.6929471282150378,1,76.01946666666666
Fire Department,FIRE EXTING AND EMERG RESP,7271217.79,2023-08-04,Payroll,Payroll Summary,,0,0,0,1,0.6956753600777261,1,76.01816666666667
Department of Transportation,"AMERICAN TRAFFIC SOLUTIONS, INC.",11442874.2,2023-08-16,Contracts,MAINT & OPER OF INFRASTRUCTURE,CT184120228804001,0,0,0,1,0.6923491591037638,1,76.01776666666666
Department of Transportation,"AMERICAN TRAFFIC SOLUTIONS, INC.",11432029.4,2023-07-12,Contracts,MAINT & OPER OF INFRASTRUCTURE,CT184120228804001,0,0,0,1,0.6923491591037638,1,76.01696666666666
Fire Department,FIRE EXTING AND EMERG RESP,7260508.61,2024-06-21,Payroll,Payroll Summary,,0,0,0,1,0.6956753600777261,1,76.01656666666666
Department of Education,NYC SCHOOL CONSTRUCTION AUTHORITY,4000000.0,2024-03-15,Capital Contracts,CONSTRUCTION-BUILDINGS,PON1040SCA20-24MC,0,0,1,0,0.7087152779657565,1,76.01626666666667
Fire Department,FIRE EXTING AND EMERG RESP,7259622.61,2023-08-18,Payroll,Payroll Summary,,0,0,0,1,0.6956753600777261,1,76.01576666666666
Department of Education,CW SE INSTR & SCHL LEADERSHIP - PS,6459769.17,2023-08-15,Payroll,Payroll Summary,,0,0,0,1,0.6962355627936804,1,76.01296666666667
Department of Parks and Recreation,CSX TRANSPORTATION INC,3670000.0,2024-05-20,Capital Contracts,LAND ACQUISITION - CONDEMNATION,POC01520242013006,0,0,1,0,0.7089632320644202,1,75.99726666666666
Department of Health and Mental Hygiene,STATE OF NEW YORK,11524068.54,2024-02-26,Contracts,MENTAL HYGIENE SERVICES,PON181620240000256,0,0,0,1,0.6905400906238595,1,75.99486666666667
Fire Department,FIRE EXTING AND EMERG RESP,6699909.37,2023-11-24,Payroll,Payroll Summary,,0,0,0,1,0.6951525739097051,1,75.98936666666665
Fire Department,FIRE EXTING AND EMERG RESP,6658336.34,2024-01-19,Payroll,Payroll Summary,,0,0,0,1,0.6951525739097051,1,75.98776666666666
Fire Department,FIRE EXTING AND EMERG RESP,6581827.37,2024-01-19,Payroll,Payroll Summary,,0,0,0,1,0.6951525739097051,1,75.98536666666666
Department of Transportation,TRANSIT OPERATIONS,11628402.6,2024-01-19,Payroll,Payroll Summary,,0,0,0,1,0.6902860754699128,1,75.98306666666666
Fire Department,FIRE EXTING AND EMERG RESP,6461140.39,2023-07-21,Payroll,Payroll Summary,,0,0,0,1,0.6951525739097051,1,75.98136666666666
Department of Education,GE INSTR & SCH LEADERSHIP - PS,5377470.77,2024-06-20,Payroll,Payroll Summary,,0,0,0,1,0.6967763002810723,1,75.97896666666666
Department of Education,GE INSTR & SCH LEADERSHIP - PS,5224077.09,2024-05-09,Payroll,Payroll Summary,,0,0,0,1,0.6967763002810723,1,75.97176666666667
Police Department,TRANSIT POLICE-PS,13722275.68,2023-07-21,Payroll,Payroll Summary,,0,0,0,1,0.688808388420747,1,75.97066666666666
Department of Education,SCHOOL SUPPORT ORGANIZATION,6237818.88,2024-05-15,Payroll,Payroll Summary,,0,0,0,1,0.6944826325190712,1,75.94766666666666
Department of Health and Mental Hygiene,STATE OF NEW YORK,10715306.59,2024-02-12,Contracts,MENTAL HYGIENE SERVICES,PON181620240000256,0,0,0,1,0.6889844788748409,1,75.93986666666666
Board of Elections,PERSONAL SERVICES,3780486.16,2023-11-09,Payroll,Payroll Summary,,0,0,0,1,0.7005319619537046,1,75.93606666666666
Miscellaneous,FRINGE BENEFITS,7841649.65,2024-06-21,Payroll,Payroll Summary,,0,0,0,1,0.6903388971243671,1,75.93236666666667
Miscellaneous,FRINGE BENEFITS,7772038.57,2024-02-16,Payroll,Payroll Summary,,0,0,0,1,0.6903388971243671,1,75.93156666666667
Miscellaneous,FRINGE BENEFITS,7743690.68,2023-12-22,Payroll,Payroll Summary,,0,0,0,1,0.6903388971243671,1,75.93076666666666
Housing Preservation and Development,BROWNSVILLE CROSSING OWNER LLC,6282698.0,2023-12-18,Capital Contracts,CONSTRUCTION-BUILDINGS,POC80620242005491,0,0,0,1,0.6930141752575723,1,75.92686666666667
Miscellaneous,FRINGE BENEFITS,7654413.76,2023-11-09,Payroll,Payroll Summary,,0,0,0,1,0.6903388971243671,1,75.92676666666667
Pension Contributions,TRS-PENSION FUNDING,3675470.0,2023-09-21,Contracts,TEACH RET SYS PENS FND RES #2,PON104120242000137,0,0,0,1,0.7001805148461947,1,75.92606666666666
Department of Education,FRINGE BENEFITS - PS,6753649.65,2023-10-12,Payroll,Payroll Summary,,0,0,0,1,0.6912680990355017,1,75.92056666666667
Department of Education,FRINGE BENEFITS - PS,6720031.79,2024-03-28,Payroll,Payroll Summary,,0,0,0,1,0.6912680990355017,1,75.91896666666666
Department of Education,FRINGE BENEFITS - PS,6715519.83,2024-03-14,Payroll,Payroll Summary,,0,0,0,1,0.6912680990355017,1,75.91816666666666
